{
  "snr_db": [
    -4.0,
    -3.5,
    -3.0,
    -2.5,
    -2.0,
    -1.5,
    -1.0,
    -0.5,
    0.0,
    0.5,
    1.0,
    1.5,
    2.0,
    2.5,
    3.0,
    3.5,
    4.0,
    4.5,
    5.0,
    5.5,
    6.0,
    6.5,
    7.0,
    7.5,
    8.0,
    8.5,
    9.0,
    9.5,
    10.0,
    10.5,
    11.0,
    11.5,
    12.0,
    12.5,
    13.0,
    13.5,
    14.0,
    14.5,
    15.0,
    15.5,
    16.0,
    16.5,
    17.0,
    17.5,
    18.0,
    18.5,
    19.0,
    19.5,
    20.0,
    20.5,
    21.0,
    21.5
  ],
  "ber": [
    0.453271484375,
    0.44990234375,
    0.44853515625,
    0.4443603515625,
    0.440869140625,
    0.44091796875,
    0.4338623046875,
    0.42744140625,
    0.4267333984375,
    0.42197265625,
    0.415380859375,
    0.411572265625,
    0.403759765625,
    0.399267578125,
    0.3882568359375,
    0.38935546875,
    0.3818359375,
    0.374267578125,
    0.368701171875,
    0.3611572265625,
    0.3539306640625,
    0.3520263671875,
    0.3329345703125,
    0.333642578125,
    0.3220947265625,
    0.3143798828125,
    0.3050048828125,
    0.2945068359375,
    0.28544921875,
    0.276025390625,
    0.267822265625,
    0.25859375,
    0.247265625,
    0.2350830078125,
    0.2220703125,
    0.215234375,
    0.2080322265625,
    0.1900390625,
    0.1851318359375,
    0.1726806640625,
    0.1628173828125,
    0.1541015625,
    0.1490966796875,
    0.1346435546875,
    0.1312255859375,
    0.1216552734375,
    0.112890625,
    0.108203125,
    0.09951171875,
    0.092724609375,
    0.0917724609375,
    0.0860595703125
  ]
}