{
  "snr_db": [
    -4.0,
    -3.5,
    -3.0,
    -2.5,
    -2.0,
    -1.5,
    -1.0,
    -0.5,
    0.0,
    0.5,
    1.0,
    1.5,
    2.0,
    2.5,
    3.0,
    3.5,
    4.0,
    4.5,
    5.0,
    5.5,
    6.0,
    6.5,
    7.0,
    7.5,
    8.0,
    8.5,
    9.0,
    9.5,
    10.0,
    10.5,
    11.0,
    11.5,
    12.0
  ],
  "ber": [
    0.401513671875,
    0.388427734375,
    0.379345703125,
    0.37392578125,
    0.362255859375,
    0.345166015625,
    0.335791015625,
    0.325146484375,
    0.3083984375,
    0.302099609375,
    0.278271484375,
    0.264306640625,
    0.248583984375,
    0.223388671875,
    0.209033203125,
    0.189208984375,
    0.168115234375,
    0.153662109375,
    0.132958984375,
    0.114306640625,
    0.091259765625,
    0.07626953125,
    0.06337890625,
    0.048779296875,
    0.03271484375,
    0.026806640625,
    0.01748046875,
    0.011865234375,
    0.005126953125,
    0.0033203125,
    0.002392578125,
    0.001123046875,
    0.00029296875
  ]
}