{
  "snr_db": [
    -4.0,
    -3.5,
    -3.0,
    -2.5,
    -2.0,
    -1.5,
    -1.0,
    -0.5,
    0.0,
    0.5,
    1.0,
    1.5,
    2.0,
    2.5,
    3.0,
    3.5,
    4.0,
    4.5,
    5.0,
    5.5,
    6.0,
    6.5,
    7.0,
    7.5,
    8.0,
    8.5,
    9.0,
    9.5,
    10.0,
    10.5,
    11.0,
    11.5,
    12.0,
    12.5,
    13.0,
    13.5,
    14.0,
    14.5,
    15.0,
    15.5,
    16.0,
    16.5,
    17.0,
    17.5,
    18.0,
    18.5,
    19.0,
    19.5,
    20.0,
    20.5,
    21.0,
    21.5
  ],
  "ber": [
    0.44169921875,
    0.44130859375,
    0.4390869140625,
    0.4333984375,
    0.430908203125,
    0.4282470703125,
    0.4236083984375,
    0.4211181640625,
    0.41572265625,
    0.4027099609375,
    0.4064453125,
    0.398193359375,
    0.3910400390625,
    0.391064453125,
    0.3830322265625,
    0.3814697265625,
    0.380908203125,
    0.37724609375,
    0.37197265625,
    0.3673095703125,
    0.360498046875,
    0.3582275390625,
    0.35244140625,
    0.3466552734375,
    0.3496826171875,
    0.3387939453125,
    0.3340576171875,
    0.3359619140625,
    0.32822265625,
    0.3278564453125,
    0.323583984375,
    0.3177490234375,
    0.3184326171875,
    0.3120361328125,
    0.3132568359375,
    0.307666015625,
    0.3101806640625,
    0.30810546875,
    0.3023193359375,
    0.302099609375,
    0.3046630859375,
    0.2981689453125,
    0.295361328125,
    0.2972412109375,
    0.29697265625,
    0.2941162109375,
    0.2883544921875,
    0.2925537109375,
    0.29599609375,
    0.291357421875,
    0.290234375,
    0.2870849609375
  ]
}