{
  "snr_db": [
    -4.0,
    -3.5,
    -3.0,
    -2.5,
    -2.0,
    -1.5,
    -1.0,
    -0.5,
    0.0,
    0.5,
    1.0,
    1.5,
    2.0,
    2.5,
    3.0,
    3.5,
    4.0,
    4.5,
    5.0,
    5.5,
    6.0,
    6.5,
    7.0,
    7.5,
    8.0,
    8.5,
    9.0,
    9.5,
    10.0,
    10.5,
    11.0,
    11.5,
    12.0
  ],
  "ber": [
    0.409814453125,
    0.4095947265625,
    0.402880859375,
    0.393603515625,
    0.3962890625,
    0.3819091796875,
    0.3755126953125,
    0.3759033203125,
    0.3641845703125,
    0.3593994140625,
    0.352392578125,
    0.343212890625,
    0.334912109375,
    0.32861328125,
    0.3177978515625,
    0.3060546875,
    0.2986572265625,
    0.294775390625,
    0.2806396484375,
    0.27294921875,
    0.2676025390625,
    0.253173828125,
    0.246728515625,
    0.2333251953125,
    0.2210693359375,
    0.2150146484375,
    0.2025146484375,
    0.1872802734375,
    0.1796875,
    0.17158203125,
    0.1615478515625,
    0.146923828125,
    0.1385986328125
  ]
}