{
  "snr_db": [
    -4.0,
    -3.5,
    -3.0,
    -2.5,
    -2.0,
    -1.5,
    -1.0,
    -0.5,
    0.0,
    0.5,
    1.0,
    1.5,
    2.0,
    2.5,
    3.0,
    3.5,
    4.0,
    4.5,
    5.0,
    5.5,
    6.0,
    6.5,
    7.0,
    7.5,
    8.0,
    8.5,
    9.0,
    9.5,
    10.0,
    10.5,
    11.0,
    11.5,
    12.0,
    12.5,
    13.0,
    13.5,
    14.0,
    14.5,
    15.0,
    15.5,
    16.0,
    16.5,
    17.0,
    17.5,
    18.0,
    18.5,
    19.0,
    19.5,
    20.0,
    20.5,
    21.0,
    21.5
  ],
  "ber": [
    0.460546875,
    0.4618896484375,
    0.4563232421875,
    0.4525146484375,
    0.4502197265625,
    0.4507568359375,
    0.44677734375,
    0.4406005859375,
    0.4416015625,
    0.4374755859375,
    0.4333984375,
    0.4322998046875,
    0.4232421875,
    0.420849609375,
    0.4169921875,
    0.4194091796875,
    0.410986328125,
    0.4080078125,
    0.40546875,
    0.3960693359375,
    0.396728515625,
    0.3851806640625,
    0.3843017578125,
    0.3817626953125,
    0.3761962890625,
    0.3715087890625,
    0.3698486328125,
    0.3630859375,
    0.358349609375,
    0.351318359375,
    0.34462890625,
    0.3428466796875,
    0.339794921875,
    0.327197265625,
    0.32724609375,
    0.322802734375,
    0.32109375,
    0.315478515625,
    0.3106689453125,
    0.306298828125,
    0.2966552734375,
    0.2932373046875,
    0.2851806640625,
    0.282861328125,
    0.2825927734375,
    0.28017578125,
    0.2743408203125,
    0.268408203125,
    0.2746337890625,
    0.2694580078125,
    0.2630126953125,
    0.2548095703125
  ]
}