{
  "snr_db": [
    -4.0,
    -3.5,
    -3.0,
    -2.5,
    -2.0,
    -1.5,
    -1.0,
    -0.5,
    0.0,
    0.5,
    1.0,
    1.5,
    2.0,
    2.5,
    3.0,
    3.5,
    4.0,
    4.5,
    5.0,
    5.5,
    6.0,
    6.5,
    7.0,
    7.5,
    8.0,
    8.5,
    9.0,
    9.5,
    10.0,
    10.5,
    11.0,
    11.5,
    12.0,
    12.5,
    13.0,
    13.5,
    14.0,
    14.5,
    15.0,
    15.5,
    16.0,
    16.5,
    17.0,
    17.5,
    18.0,
    18.5,
    19.0,
    19.5,
    20.0,
    20.5,
    21.0,
    21.5
  ],
  "ber": [
    0.399267578125,
    0.395947265625,
    0.386767578125,
    0.375390625,
    0.37392578125,
    0.369140625,
    0.35546875,
    0.340869140625,
    0.339404296875,
    0.328955078125,
    0.323779296875,
    0.305078125,
    0.29384765625,
    0.28212890625,
    0.26337890625,
    0.259716796875,
    0.24580078125,
    0.231298828125,
    0.21943359375,
    0.204931640625,
    0.195654296875,
    0.18037109375,
    0.16728515625,
    0.148046875,
    0.139892578125,
    0.1306640625,
    0.116943359375,
    0.10458984375,
    0.09208984375,
    0.08984375,
    0.072802734375,
    0.070068359375,
    0.06181640625,
    0.050927734375,
    0.050732421875,
    0.04248046875,
    0.0359375,
    0.032373046875,
    0.02861328125,
    0.024267578125,
    0.02080078125,
    0.019580078125,
    0.01328125,
    0.012744140625,
    0.012744140625,
    0.0099609375,
    0.0109375,
    0.007666015625,
    0.006689453125,
    0.006201171875,
    0.004931640625,
    0.00615234375
  ]
}