{
  "Autoencoder_n=7,k=4": {
    "ebn0_db": [
      -2.0,
      -1.5,
      -1.0,
      -0.5,
      0.0,
      0.5,
      1.0,
      1.5,
      2.0,
      2.5,
      3.0,
      3.5,
      4.0,
      4.5,
      5.0,
      5.5,
      6.0,
      6.5,
      7.0,
      7.5,
      8.0,
      8.5,
      9.0,
      9.5,
      10.0,
      10.5,
      11.0,
      11.5,
      12.0
    ],
    "ber": [
      0.392333984375,
      0.38701171875,
      0.380322265625,
      0.366845703125,
      0.36083984375,
      0.34990234375,
      0.33447265625,
      0.325,
      0.314111328125,
      0.300244140625,
      0.2779296875,
      0.26953125,
      0.25390625,
      0.243115234375,
      0.218359375,
      0.200537109375,
      0.180419921875,
      0.163818359375,
      0.146240234375,
      0.12236328125,
      0.10869140625,
      0.086669921875,
      0.07412109375,
      0.0544921875,
      0.044677734375,
      0.032763671875,
      0.024169921875,
      0.01708984375,
      0.010205078125
    ]
  },
  "Polar_SC_n=7,k=4": {
    "ebn0_db": [
      -2.0,
      -1.5,
      -1.0,
      -0.5,
      0.0,
      0.5,
      1.0,
      1.5,
      2.0,
      2.5,
      3.0,
      3.5,
      4.0,
      4.5,
      5.0,
      5.5,
      6.0,
      6.5,
      7.0,
      7.5,
      8.0,
      8.5,
      9.0,
      9.5,
      10.0,
      10.5,
      11.0,
      11.5,
      12.0
    ],
    "ber": [
      0.21875,
      0.21625,
      0.19,
      0.16875,
      0.1275,
      0.09125,
      0.08125,
      0.06375,
      0.04,
      0.03125,
      0.03,
      0.0175,
      0.005,
      1e-07,
      0.00375,
      0.0025,
      1e-07,
      0.00375,
      1e-07,
      1e-07,
      1e-07,
      1e-07,
      1e-07,
      1e-07,
      1e-07,
      1e-07,
      1e-07,
      1e-07,
      1e-07
    ]
  },
  "PPV_Bound_n=7,k=4": {
    "ebn0_db": [
      -2.0,
      -1.5,
      -1.0,
      -0.5,
      0.0,
      0.5,
      1.0,
      1.5,
      2.0,
      2.5,
      3.0,
      3.5,
      4.0,
      4.5,
      5.0,
      5.5,
      6.0,
      6.5,
      7.0,
      7.5,
      8.0,
      8.5,
      9.0,
      9.5,
      10.0,
      10.5,
      11.0,
      11.5,
      12.0
    ],
    "ber": [
      0.17884548661703997,
      0.1697433541082377,
      0.16020369494009387,
      0.1502687011448213,
      0.13998745788220715,
      0.1294182419773602,
      0.11863095381214518,
      0.10770933427928939,
      0.0967525252834308,
      0.0858754629432322,
      0.07520757878644703,
      0.06488936310793064,
      0.055066549327455264,
      0.045882021854010024,
      0.037466007931166126,
      0.02992561036450976,
      0.023335147837709194,
      0.017728944072361644,
      0.013098023858925091,
      0.009391596261903288,
      0.006523324716861397,
      0.004381416695087702,
      0.002840790943958538,
      0.0017752360598481372,
      0.0010676591840775194,
      0.0006171546563832726,
      0.0003424712719377739,
      0.00018224909163574494,
      9.292159844316547e-05
    ]
  },
  "Autoencoder_n=16,k=8": {
    "ebn0_db": [
      -2.0,
      -1.5,
      -1.0,
      -0.5,
      0.0,
      0.5,
      1.0,
      1.5,
      2.0,
      2.5,
      3.0,
      3.5,
      4.0,
      4.5,
      5.0,
      5.5,
      6.0,
      6.5,
      7.0,
      7.5,
      8.0,
      8.5,
      9.0,
      9.5,
      10.0,
      10.5,
      11.0,
      11.5,
      12.0
    ],
    "ber": [
      0.4234130859375,
      0.4164306640625,
      0.4141357421875,
      0.4068115234375,
      0.40537109375,
      0.3978271484375,
      0.391064453125,
      0.3850341796875,
      0.38037109375,
      0.3677734375,
      0.3681640625,
      0.358642578125,
      0.3538818359375,
      0.3406005859375,
      0.33994140625,
      0.3245361328125,
      0.316455078125,
      0.3059326171875,
      0.296142578125,
      0.282373046875,
      0.273486328125,
      0.2578125,
      0.2488525390625,
      0.24130859375,
      0.227490234375,
      0.2151611328125,
      0.199951171875,
      0.1870849609375,
      0.1741455078125
    ]
  },
  "Polar_SC_n=16,k=8": {
    "ebn0_db": [
      -2.0,
      -1.5,
      -1.0,
      -0.5,
      0.0,
      0.5,
      1.0,
      1.5,
      2.0,
      2.5,
      3.0,
      3.5,
      4.0,
      4.5,
      5.0,
      5.5,
      6.0,
      6.5,
      7.0,
      7.5,
      8.0,
      8.5,
      9.0,
      9.5,
      10.0,
      10.5,
      11.0,
      11.5,
      12.0
    ],
    "ber": [
      0.26875,
      0.2725,
      0.2375,
      0.22125,
      0.18,
      0.1575,
      0.153125,
      0.14,
      0.095,
      0.069375,
      0.055625,
      0.028125,
      0.023125,
      0.008125,
      0.013125,
      0.00125,
      0.00375,
      1e-07,
      1e-07,
      1e-07,
      1e-07,
      1e-07,
      1e-07,
      1e-07,
      1e-07,
      1e-07,
      1e-07,
      1e-07,
      1e-07
    ]
  },
  "PPV_Bound_n=16,k=8": {
    "ebn0_db": [
      -2.0,
      -1.5,
      -1.0,
      -0.5,
      0.0,
      0.5,
      1.0,
      1.5,
      2.0,
      2.5,
      3.0,
      3.5,
      4.0,
      4.5,
      5.0,
      5.5,
      6.0,
      6.5,
      7.0,
      7.5,
      8.0,
      8.5,
      9.0,
      9.5,
      10.0,
      10.5,
      11.0,
      11.5,
      12.0
    ],
    "ber": [
      0.1071956063090922,
      0.10231127479785558,
      0.0967069593000184,
      0.09041233575434311,
      0.08348649074893247,
      0.07601981859132634,
      0.0681349341130364,
      0.059985893830508376,
      0.05175480692752927,
      0.043644889499130896,
      0.035869300816750944,
      0.02863579741230963,
      0.022128342076064872,
      0.01648811649921355,
      0.011797492576521691,
      0.008070859112350936,
      0.005255304434608484,
      0.0032419547854198702,
      0.0018858328009857441,
      0.001029543022850129,
      0.0005250721707608856,
      0.00024904171467127184,
      0.0001093782812246471,
      4.4302298458911086e-05,
      1.6485710646783633e-05,
      5.616393177323617e-06,
      1.7462146323412063e-06,
      4.940749407543264e-07,
      1.2689662554547343e-07
    ]
  },
  "Autoencoder_n=32,k=8": {
    "ebn0_db": [
      -2.0,
      -1.5,
      -1.0,
      -0.5,
      0.0,
      0.5,
      1.0,
      1.5,
      2.0,
      2.5,
      3.0,
      3.5,
      4.0,
      4.5,
      5.0,
      5.5,
      6.0,
      6.5,
      7.0,
      7.5,
      8.0,
      8.5,
      9.0,
      9.5,
      10.0,
      10.5,
      11.0,
      11.5,
      12.0
    ],
    "ber": [
      0.4450439453125,
      0.439990234375,
      0.4345703125,
      0.43798828125,
      0.431884765625,
      0.4291015625,
      0.421484375,
      0.41748046875,
      0.407958984375,
      0.40595703125,
      0.396728515625,
      0.3948974609375,
      0.392529296875,
      0.3843505859375,
      0.376513671875,
      0.3712646484375,
      0.3597900390625,
      0.356005859375,
      0.34677734375,
      0.3408203125,
      0.3245849609375,
      0.3123779296875,
      0.3135009765625,
      0.29970703125,
      0.286572265625,
      0.2787841796875,
      0.269384765625,
      0.2540771484375,
      0.2451904296875
    ]
  },
  "Polar_SC_n=32,k=8": {
    "ebn0_db": [
      -2.0,
      -1.5,
      -1.0,
      -0.5,
      0.0,
      0.5,
      1.0,
      1.5,
      2.0,
      2.5,
      3.0,
      3.5,
      4.0,
      4.5,
      5.0,
      5.5,
      6.0,
      6.5,
      7.0,
      7.5,
      8.0,
      8.5,
      9.0,
      9.5,
      10.0,
      10.5,
      11.0,
      11.5,
      12.0
    ],
    "ber": [
      0.323125,
      0.299375,
      0.27875,
      0.259375,
      0.2975,
      0.195625,
      0.195,
      0.15875,
      0.159375,
      0.12625,
      0.126875,
      0.086875,
      0.080625,
      0.029375,
      0.028125,
      0.03125,
      0.015625,
      0.0075,
      0.00125,
      1e-07,
      1e-07,
      1e-07,
      1e-07,
      1e-07,
      1e-07,
      1e-07,
      1e-07,
      1e-07,
      1e-07
    ]
  },