{
  "snr_db": [
    -4.0,
    -3.5,
    -3.0,
    -2.5,
    -2.0,
    -1.5,
    -1.0,
    -0.5,
    0.0,
    0.5,
    1.0,
    1.5,
    2.0,
    2.5,
    3.0,
    3.5,
    4.0,
    4.5,
    5.0,
    5.5,
    6.0,
    6.5,
    7.0,
    7.5,
    8.0,
    8.5,
    9.0,
    9.5,
    10.0,
    10.5,
    11.0,
    11.5,
    12.0,
    12.5,
    13.0,
    13.5,
    14.0,
    14.5,
    15.0,
    15.5,
    16.0,
    16.5,
    17.0,
    17.5,
    18.0,
    18.5,
    19.0,
    19.5,
    20.0,
    20.5,
    21.0,
    21.5
  ],
  "ber": [
    0.4391357421875,
    0.4408447265625,
    0.436572265625,
    0.4287109375,
    0.424462890625,
    0.42099609375,
    0.4176513671875,
    0.410693359375,
    0.4075439453125,
    0.397265625,
    0.396044921875,
    0.3869140625,
    0.37607421875,
    0.3784423828125,
    0.369140625,
    0.3626953125,
    0.3558349609375,
    0.343603515625,
    0.3330322265625,
    0.33232421875,
    0.3186767578125,
    0.3169677734375,
    0.306494140625,
    0.29990234375,
    0.2910888671875,
    0.2824462890625,
    0.2719482421875,
    0.25927734375,
    0.2607177734375,
    0.2455078125,
    0.244140625,
    0.2323486328125,
    0.2254638671875,
    0.2197021484375,
    0.211865234375,
    0.201025390625,
    0.197314453125,
    0.19140625,
    0.1857421875,
    0.1844970703125,
    0.1773681640625,
    0.173193359375,
    0.1658935546875,
    0.1628662109375,
    0.162451171875,
    0.1546142578125,
    0.1543701171875,
    0.1475341796875,
    0.1482421875,
    0.146484375,
    0.146484375,
    0.1427734375
  ]
}