{
  "snr_db": [
    -4.0,
    -3.5,
    -3.0,
    -2.5,
    -2.0,
    -1.5,
    -1.0,
    -0.5,
    0.0,
    0.5,
    1.0,
    1.5,
    2.0,
    2.5,
    3.0,
    3.5,
    4.0,
    4.5,
    5.0,
    5.5,
    6.0,
    6.5,
    7.0,
    7.5,
    8.0,
    8.5,
    9.0,
    9.5,
    10.0,
    10.5,
    11.0,
    11.5,
    12.0,
    12.5,
    13.0,
    13.5,
    14.0,
    14.5,
    15.0,
    15.5,
    16.0,
    16.5,
    17.0,
    17.5,
    18.0,
    18.5,
    19.0,
    19.5,
    20.0,
    20.5,
    21.0,
    21.5
  ],
  "ber": [
    0.455322265625,
    0.4513671875,
    0.4492431640625,
    0.4457275390625,
    0.44482421875,
    0.43876953125,
    0.439453125,
    0.4323486328125,
    0.4289306640625,
    0.4270263671875,
    0.423193359375,
    0.4222412109375,
    0.412255859375,
    0.40947265625,
    0.4087646484375,
    0.400390625,
    0.394873046875,
    0.39365234375,
    0.3931884765625,
    0.382470703125,
    0.3807373046875,
    0.3770263671875,
    0.36923828125,
    0.364501953125,
    0.3581298828125,
    0.3515625,
    0.35048828125,
    0.3454833984375,
    0.3419189453125,
    0.33388671875,
    0.3303955078125,
    0.33408203125,
    0.328125,
    0.3172607421875,
    0.3136962890625,
    0.3105224609375,
    0.303076171875,
    0.301708984375,
    0.292822265625,
    0.295556640625,
    0.2906982421875,
    0.27958984375,
    0.280078125,
    0.2791748046875,
    0.2735595703125,
    0.27177734375,
    0.26474609375,
    0.261083984375,
    0.2543701171875,
    0.2547119140625,
    0.25087890625,
    0.2521728515625
  ]
}