{
  "snr_db": [
    -4.0,
    -3.5,
    -3.0,
    -2.5,
    -2.0,
    -1.5,
    -1.0,
    -0.5,
    0.0,
    0.5,
    1.0,
    1.5,
    2.0,
    2.5,
    3.0,
    3.5,
    4.0,
    4.5,
    5.0,
    5.5,
    6.0,
    6.5,
    7.0,
    7.5,
    8.0,
    8.5,
    9.0,
    9.5,
    10.0,
    10.5,
    11.0,
    11.5,
    12.0
  ],
  "ber": [
    0.39833984375,
    0.3984619140625,
    0.398095703125,
    0.3886474609375,
    0.38369140625,
    0.37685546875,
    0.3654541015625,
    0.365966796875,
    0.35458984375,
    0.3468994140625,
    0.338037109375,
    0.3324951171875,
    0.3225341796875,
    0.312451171875,
    0.3084716796875,
    0.2972412109375,
    0.2855712890625,
    0.2751220703125,
    0.2659423828125,
    0.2559814453125,
    0.241943359375,
    0.2317138671875,
    0.221923828125,
    0.20888671875,
    0.1945068359375,
    0.184130859375,
    0.1712158203125,
    0.163720703125,
    0.1435791015625,
    0.136181640625,
    0.1293212890625,
    0.1173095703125,
    0.10498046875
  ]
}