{
  "snr_db": [
    -4.0,
    -3.5,
    -3.0,
    -2.5,
    -2.0,
    -1.5,
    -1.0,
    -0.5,
    0.0,
    0.5,
    1.0,
    1.5,
    2.0,
    2.5,
    3.0,
    3.5,
    4.0,
    4.5,
    5.0,
    5.5,
    6.0,
    6.5,
    7.0,
    7.5,
    8.0,
    8.5,
    9.0,
    9.5,
    10.0,
    10.5,
    11.0,
    11.5,
    12.0,
    12.5,
    13.0,
    13.5,
    14.0,
    14.5,
    15.0,
    15.5,
    16.0,
    16.5,
    17.0,
    17.5,
    18.0,
    18.5,
    19.0,
    19.5,
    20.0,
    20.5,
    21.0,
    21.5
  ],
  "ber": [
    0.4531982421875,
    0.4475830078125,
    0.4463134765625,
    0.44267578125,
    0.4400146484375,
    0.43564453125,
    0.433837890625,
    0.4275390625,
    0.421630859375,
    0.4260009765625,
    0.4190673828125,
    0.411767578125,
    0.410595703125,
    0.406591796875,
    0.403369140625,
    0.393310546875,
    0.3943115234375,
    0.3947265625,
    0.3830810546875,
    0.3840087890625,
    0.3811279296875,
    0.37373046875,
    0.366162109375,
    0.36845703125,
    0.3641845703125,
    0.3589599609375,
    0.3513427734375,
    0.3492431640625,
    0.346435546875,
    0.34453125,
    0.33935546875,
    0.3313232421875,
    0.33486328125,
    0.328125,
    0.3294189453125,
    0.32421875,
    0.3232421875,
    0.3216552734375,
    0.317626953125,
    0.319384765625,
    0.3162109375,
    0.3105224609375,
    0.309716796875,
    0.3135009765625,
    0.309033203125,
    0.3119384765625,
    0.3087890625,
    0.307568359375,
    0.3034423828125,
    0.3064208984375,
    0.2995849609375,
    0.3086181640625
  ]
}