{
  "snr_db": [
    -4.0,
    -3.5,
    -3.0,
    -2.5,
    -2.0,
    -1.5,
    -1.0,
    -0.5,
    0.0,
    0.5,
    1.0,
    1.5,
    2.0,
    2.5,
    3.0,
    3.5,
    4.0,
    4.5,
    5.0,
    5.5,
    6.0,
    6.5,
    7.0,
    7.5,
    8.0,
    8.5,
    9.0,
    9.5,
    10.0,
    10.5,
    11.0,
    11.5,
    12.0
  ],
  "ber": [
    0.407763671875,
    0.40556640625,
    0.397998046875,
    0.394580078125,
    0.383154296875,
    0.3777587890625,
    0.372900390625,
    0.3640625,
    0.3588134765625,
    0.3427490234375,
    0.3430908203125,
    0.3336669921875,
    0.3228271484375,
    0.317236328125,
    0.309423828125,
    0.296435546875,
    0.284375,
    0.27607421875,
    0.2649169921875,
    0.2552490234375,
    0.23828125,
    0.2328125,
    0.2184814453125,
    0.2025146484375,
    0.1921630859375,
    0.1811279296875,
    0.166796875,
    0.1538818359375,
    0.143212890625,
    0.13212890625,
    0.122802734375,
    0.108642578125,
    0.1003662109375
  ]
}