{
  "snr_db": [
    -4.0,
    -3.5,
    -3.0,
    -2.5,
    -2.0,
    -1.5,
    -1.0,
    -0.5,
    0.0,
    0.5,
    1.0,
    1.5,
    2.0,
    2.5,
    3.0,
    3.5,
    4.0,
    4.5,
    5.0,
    5.5,
    6.0,
    6.5,
    7.0,
    7.5,
    8.0,
    8.5,
    9.0,
    9.5,
    10.0,
    10.5,
    11.0,
    11.5,
    12.0,
    12.5,
    13.0,
    13.5,
    14.0,
    14.5,
    15.0,
    15.5,
    16.0,
    16.5,
    17.0,
    17.5,
    18.0,
    18.5,
    19.0,
    19.5,
    20.0,
    20.5,
    21.0,
    21.5
  ],
  "ber": [
    0.39375,
    0.385546875,
    0.376220703125,
    0.37529296875,
    0.36025390625,
    0.352587890625,
    0.34404296875,
    0.34375,
    0.322900390625,
    0.310107421875,
    0.301123046875,
    0.295263671875,
    0.270556640625,
    0.264453125,
    0.253125,
    0.238330078125,
    0.2197265625,
    0.21103515625,
    0.19482421875,
    0.16787109375,
    0.1619140625,
    0.1482421875,
    0.134814453125,
    0.122216796875,
    0.111083984375,
    0.10029296875,
    0.084716796875,
    0.07646484375,
    0.066552734375,
    0.058251953125,
    0.055712890625,
    0.046826171875,
    0.038916015625,
    0.029638671875,
    0.0294921875,
    0.0220703125,
    0.019677734375,
    0.015234375,
    0.014501953125,
    0.012060546875,
    0.010791015625,
    0.009716796875,
    0.00859375,
    0.006103515625,
    0.00693359375,
    0.004833984375,
    0.003759765625,
    0.003564453125,
    0.00322265625,
    0.003076171875,
    0.002294921875,
    0.0021484375
  ]
}