{
  "AWGN-trained \u2192 AWGN (in-distribution)  [n7_k4]": {
    "snr_at_ber_target": 11.46465831548982,
    "snr_db": [
      0.0,
      1.0,
      2.0,
      3.0,
      4.0,
      5.0,
      6.0,
      7.0,
      8.0,
      9.0,
      10.0,
      11.0,
      12.0,
      13.0,
      14.0,
      15.0,
      16.0,
      17.0,
      18.0,
      19.0,
      20.0
    ],
    "ber": [
      0.3142578125,
      0.283056640625,
      0.24951171875,
      0.207861328125,
      0.173193359375,
      0.12958984375,
      0.08642578125,
      0.060205078125,
      0.036181640625,
      0.015234375,
      0.00703125,
      0.0025390625,
      0.000341796875,
      9.765625e-05,
      9.765625e-05,
      1e-07,
      1e-07,
      1e-07,
      1e-07,
      1e-07,
      1e-07
    ]
  },
  "AWGN-trained \u2192 Rayleigh pCSI (shift)  [n7_k4]": {
    "snr_at_ber_target": NaN,
    "snr_db": [
      0.0,
      1.0,
      2.0,
      3.0,
      4.0,
      5.0,
      6.0,
      7.0,
      8.0,
      9.0,
      10.0,
      11.0,
      12.0,
      13.0,
      14.0,
      15.0,
      16.0,
      17.0,
      18.0,
      19.0,
      20.0
    ],
    "ber": [
      0.392236328125,
      0.379052734375,
      0.356884765625,
      0.337939453125,
      0.31748046875,
      0.2859375,
      0.2517578125,
      0.228076171875,
      0.19306640625,
      0.16357421875,
      0.13896484375,
      0.114501953125,
      0.088916015625,
      0.0728515625,
      0.056640625,
      0.04619140625,
      0.03671875,
      0.02548828125,
      0.019287109375,
      0.016796875,
      0.0150390625
    ]
  },
  "Rayleigh-trained \u2192 Rayleigh pCSI (matched)  [n7_k4]": {
    "snr_at_ber_target": NaN,
    "snr_db": [
      0.0,
      1.0,
      2.0,
      3.0,
      4.0,
      5.0,
      6.0,
      7.0,
      8.0,
      9.0,
      10.0,
      11.0,
      12.0,
      13.0,
      14.0,
      15.0,
      16.0,
      17.0,
      18.0,
      19.0,
      20.0
    ],
    "ber": [
      0.33076171875,
      0.315087890625,
      0.294580078125,
      0.271728515625,
      0.248828125,
      0.224267578125,
      0.191796875,
      0.173876953125,
      0.141650390625,
      0.116748046875,
      0.09453125,
      0.069775390625,
      0.063671875,
      0.049951171875,
      0.036572265625,
      0.03017578125,
      0.0208984375,
      0.018017578125,
      0.013232421875,
      0.01064453125,
      0.0087890625
    ]
  },
  "AWGN-trained \u2192 AWGN (in-distribution)  [n16_k8]": {
    "snr_at_ber_target": NaN,
    "snr_db": [
      0.0,
      1.0,
      2.0,
      3.0,
      4.0,
      5.0,
      6.0,
      7.0,
      8.0,
      9.0,
      10.0,
      11.0,
      12.0,
      13.0,
      14.0,
      15.0,
      16.0,
      17.0,
      18.0,
      19.0,
      20.0
    ],
    "ber": [
      0.3640625,
      0.341064453125,
      0.3224609375,
      0.307568359375,
      0.286279296875,
      0.266162109375,
      0.24248046875,
      0.2173583984375,
      0.1939208984375,
      0.171337890625,
      0.1406005859375,
      0.1220703125,
      0.1021728515625,
      0.084033203125,
      0.06318359375,
      0.053369140625,
      0.04609375,
      0.040185546875,
      0.0325439453125,
      0.028369140625,
      0.026806640625
    ]
  },
  "AWGN-trained \u2192 Rayleigh pCSI (shift)  [n16_k8]": {
    "snr_at_ber_target": NaN,
    "snr_db": [
      0.0,
      1.0,
      2.0,
      3.0,
      4.0,
      5.0,
      6.0,
      7.0,
      8.0,
      9.0,
      10.0,
      11.0,
      12.0,
      13.0,
      14.0,
      15.0,
      16.0,
      17.0,
      18.0,
      19.0,
      20.0
    ],
    "ber": [
      0.420849609375,
      0.4075439453125,
      0.3978515625,
      0.3886962890625,
      0.37890625,
      0.3608154296875,
      0.349609375,
      0.33388671875,
      0.3142578125,
      0.2937255859375,
      0.2783203125,
      0.2590087890625,
      0.2338623046875,
      0.215673828125,
      0.1886962890625,
      0.16943359375,
      0.1492919921875,
      0.1348876953125,
      0.112646484375,
      0.0981689453125,
      0.0816650390625
    ]
  },
  "Rayleigh-trained \u2192 Rayleigh pCSI (matched)  [n16_k8]": {
    "snr_at_ber_target": NaN,
    "snr_db": [
      0.0,
      1.0,
      2.0,
      3.0,
      4.0,
      5.0,
      6.0,
      7.0,
      8.0,
      9.0,
      10.0,
      11.0,
      12.0,
      13.0,
      14.0,
      15.0,
      16.0,
      17.0,
      18.0,
      19.0,
      20.0
    ],
    "ber": [
      0.423486328125,
      0.4154052734375,
      0.4013427734375,
      0.3946533203125,
      0.384423828125,
      0.36689453125,
      0.355419921875,
      0.3397705078125,
      0.3197998046875,
      0.3020751953125,
      0.2884765625,
      0.2702392578125,
      0.249267578125,
      0.2302490234375,
      0.203271484375,
      0.19140625,
      0.1704345703125,
      0.154833984375,
      0.1354736328125,
      0.128271484375,
      0.114111328125
    ]
  },
  "AWGN-trained \u2192 AWGN (in-distribution)  [n32_k8]": {
    "snr_at_ber_target": NaN,
    "snr_db": [
      0.0,
      1.0,
      2.0,
      3.0,
      4.0,
      5.0,
      6.0,
      7.0,
      8.0,
      9.0,
      10.0,
      11.0,
      12.0,
      13.0,
      14.0,
      15.0,
      16.0,
      17.0,
      18.0,
      19.0,
      20.0
    ],
    "ber": [
      0.3572021484375,
      0.3406005859375,
      0.324755859375,
      0.30771484375,
      0.2903564453125,
      0.2728515625,
      0.25498046875,
      0.2337158203125,
      0.21572265625,
      0.1926513671875,
      0.1734375,
      0.149853515625,
      0.129345703125,
      0.1098876953125,
      0.0929931640625,
      0.074462890625,
      0.065087890625,
      0.0544921875,
      0.0496337890625,
      0.0436767578125,
      0.03740234375
    ]
  },
  "AWGN-trained \u2192 Rayleigh pCSI (shift)  [n32_k8]": {
    "snr_at_ber_target": NaN,
    "snr_db": [
      0.0,
      1.0,
      2.0,
      3.0,
      4.0,
      5.0,
      6.0,
      7.0,
      8.0,
      9.0,
      10.0,
      11.0,
      12.0,
      13.0,
      14.0,
      15.0,
      16.0,
      17.0,
      18.0,
      19.0,
      20.0
    ],
    "ber": [
      0.4313232421875,
      0.4179931640625,
      0.4116455078125,
      0.3979736328125,
      0.3878662109375,
      0.382421875,
      0.3609375,
      0.3494140625,
      0.328466796875,
      0.3154052734375,
      0.2929931640625,
      0.2815185546875,
      0.2623291015625,
      0.24609375,
      0.223583984375,
      0.2046630859375,
      0.183447265625,
      0.1646484375,
      0.148388671875,
      0.127001953125,
      0.116259765625
    ]
  },
  "Rayleigh-trained \u2192 Rayleigh pCSI (matched)  [n32_k8]": {
    "snr_at_ber_target": NaN,
    "snr_db": [
      0.0,
      1.0,
      2.0,
      3.0,
      4.0,
      5.0,
      6.0,
      7.0,
      8.0,
      9.0,
      10.0,
      11.0,
      12.0,
      13.0,
      14.0,
      15.0,
      16.0,
      17.0,
      18.0,
      19.0,
      20.0
    ],
    "ber": [
      0.4381103515625,
      0.4349853515625,
      0.4165283203125,
      0.4147705078125,
      0.4105224609375,
      0.4000244140625,
      0.3918701171875,
      0.3861083984375,
      0.3771484375,
      0.36689453125,
      0.3635986328125,
      0.35068359375,
      0.3408447265625,
      0.338330078125,
      0.32744140625,
      0.31484375,
      0.306787109375,
      0.301953125,
      0.2938720703125,
      0.285986328125,
      0.2800048828125
    ]
  },
  "AWGN-trained \u2192 AWGN (in-distribution)  [n64_k8]": {
    "snr_at_ber_target": NaN,
    "snr_db": [
      0.0,
      1.0,
      2.0,
      3.0,
      4.0,
      5.0,
      6.0,
      7.0,
      8.0,
      9.0,
      10.0,
      11.0,
      12.0,
      13.0,
      14.0,
      15.0,
      16.0,
      17.0,
      18.0,
      19.0,
      20.0
    ],