{
  "key": "AWGN-trained \u2192 AWGN (in-distribution)  [n7_k4]",
  "snr_db": [
    0.0,
    1.0,
    2.0,
    3.0,
    4.0,
    5.0,
    6.0,
    7.0,
    8.0,
    9.0,
    10.0,
    11.0,
    12.0,
    13.0,
    14.0,
    15.0,
    16.0,
    17.0,
    18.0,
    19.0,
    20.0
  ],
  "ber": [
    0.3142578125,
    0.283056640625,
    0.24951171875,
    0.207861328125,
    0.173193359375,
    0.12958984375,
    0.08642578125,
    0.060205078125,
    0.036181640625,
    0.015234375,
    0.00703125,
    0.0025390625,
    0.000341796875,
    9.765625e-05,
    9.765625e-05,
    1e-07,
    1e-07,
    1e-07,
    1e-07,
    1e-07,
    1e-07
  ],
  "snr_at_ber_target": 11.46465831548982
}