{
  "key": "Rayleigh-trained \u2192 Rayleigh pCSI (matched)  [n7_k4]",
  "snr_db": [
    0.0,
    1.0,
    2.0,
    3.0,
    4.0,
    5.0,
    6.0,
    7.0,
    8.0,
    9.0,
    10.0,
    11.0,
    12.0,
    13.0,
    14.0,
    15.0,
    16.0,
    17.0,
    18.0,
    19.0,
    20.0
  ],
  "ber": [
    0.33076171875,
    0.315087890625,
    0.294580078125,
    0.271728515625,
    0.248828125,
    0.224267578125,
    0.191796875,
    0.173876953125,
    0.141650390625,
    0.116748046875,
    0.09453125,
    0.069775390625,
    0.063671875,
    0.049951171875,
    0.036572265625,
    0.03017578125,
    0.0208984375,
    0.018017578125,
    0.013232421875,
    0.01064453125,
    0.0087890625
  ],
  "snr_at_ber_target": NaN
}