{
  "key": "AWGN-trained \u2192 AWGN (in-distribution)  [n16_k8]",
  "snr_db": [
    0.0,
    1.0,
    2.0,
    3.0,
    4.0,
    5.0,
    6.0,
    7.0,
    8.0,
    9.0,
    10.0,
    11.0,
    12.0,
    13.0,
    14.0,
    15.0,
    16.0,
    17.0,
    18.0,
    19.0,
    20.0
  ],
  "ber": [
    0.3640625,
    0.341064453125,
    0.3224609375,
    0.307568359375,
    0.286279296875,
    0.266162109375,
    0.24248046875,
    0.2173583984375,
    0.1939208984375,
    0.171337890625,
    0.1406005859375,
    0.1220703125,
    0.1021728515625,
    0.084033203125,
    0.06318359375,
    0.053369140625,
    0.04609375,
    0.040185546875,
    0.0325439453125,
    0.028369140625,
    0.026806640625
  ],
  "snr_at_ber_target": NaN
}