{
  "key": "Rayleigh-trained \u2192 Rayleigh pCSI (matched)  [n64_k8]",
  "snr_db": [
    0.0,
    1.0,
    2.0,
    3.0,
    4.0,
    5.0,
    6.0,
    7.0,
    8.0,
    9.0,
    10.0,
    11.0,
    12.0,
    13.0,
    14.0,
    15.0,
    16.0,
    17.0,
    18.0,
    19.0,
    20.0
  ],
  "ber": [
    0.4291015625,
    0.4251220703125,
    0.41669921875,
    0.403857421875,
    0.3988037109375,
    0.3882080078125,
    0.383544921875,
    0.3747802734375,
    0.36953125,
    0.35791015625,
    0.35263671875,
    0.350146484375,
    0.334716796875,
    0.324560546875,
    0.3193603515625,
    0.319482421875,
    0.3118408203125,
    0.2990966796875,
    0.2990966796875,
    0.2931884765625,
    0.284326171875
  ],
  "snr_at_ber_target": NaN
}