{
  "key": "Rayleigh-trained \u2192 Rayleigh pCSI (matched)  [n16_k8]",
  "snr_db": [
    0.0,
    1.0,
    2.0,
    3.0,
    4.0,
    5.0,
    6.0,
    7.0,
    8.0,
    9.0,
    10.0,
    11.0,
    12.0,
    13.0,
    14.0,
    15.0,
    16.0,
    17.0,
    18.0,
    19.0,
    20.0
  ],
  "ber": [
    0.423486328125,
    0.4154052734375,
    0.4013427734375,
    0.3946533203125,
    0.384423828125,
    0.36689453125,
    0.355419921875,
    0.3397705078125,
    0.3197998046875,
    0.3020751953125,
    0.2884765625,
    0.2702392578125,
    0.249267578125,
    0.2302490234375,
    0.203271484375,
    0.19140625,
    0.1704345703125,
    0.154833984375,
    0.1354736328125,
    0.128271484375,
    0.114111328125
  ],
  "snr_at_ber_target": NaN
}