{
  "key": "Rayleigh-trained \u2192 Rayleigh pCSI (matched)  [n32_k8]",
  "snr_db": [
    0.0,
    1.0,
    2.0,
    3.0,
    4.0,
    5.0,
    6.0,
    7.0,
    8.0,
    9.0,
    10.0,
    11.0,
    12.0,
    13.0,
    14.0,
    15.0,
    16.0,
    17.0,
    18.0,
    19.0,
    20.0
  ],
  "ber": [
    0.4381103515625,
    0.4349853515625,
    0.4165283203125,
    0.4147705078125,
    0.4105224609375,
    0.4000244140625,
    0.3918701171875,
    0.3861083984375,
    0.3771484375,
    0.36689453125,
    0.3635986328125,
    0.35068359375,
    0.3408447265625,
    0.338330078125,
    0.32744140625,
    0.31484375,
    0.306787109375,
    0.301953125,
    0.2938720703125,
    0.285986328125,
    0.2800048828125
  ],
  "snr_at_ber_target": NaN
}