{
  "key": "AWGN-trained \u2192 Rayleigh pCSI (shift)  [n32_k8]",
  "snr_db": [
    0.0,
    1.0,
    2.0,
    3.0,
    4.0,
    5.0,
    6.0,
    7.0,
    8.0,
    9.0,
    10.0,
    11.0,
    12.0,
    13.0,
    14.0,
    15.0,
    16.0,
    17.0,
    18.0,
    19.0,
    20.0
  ],
  "ber": [
    0.4313232421875,
    0.4179931640625,
    0.4116455078125,
    0.3979736328125,
    0.3878662109375,
    0.382421875,
    0.3609375,
    0.3494140625,
    0.328466796875,
    0.3154052734375,
    0.2929931640625,
    0.2815185546875,
    0.2623291015625,
    0.24609375,
    0.223583984375,
    0.2046630859375,
    0.183447265625,
    0.1646484375,
    0.148388671875,
    0.127001953125,
    0.116259765625
  ],
  "snr_at_ber_target": NaN
}