{
  "key": "AWGN-trained \u2192 AWGN (in-distribution)  [n64_k8]",
  "snr_db": [
    0.0,
    1.0,
    2.0,
    3.0,
    4.0,
    5.0,
    6.0,
    7.0,
    8.0,
    9.0,
    10.0,
    11.0,
    12.0,
    13.0,
    14.0,
    15.0,
    16.0,
    17.0,
    18.0,
    19.0,
    20.0
  ],
  "ber": [
    0.3693603515625,
    0.3554443359375,
    0.34501953125,
    0.3302978515625,
    0.3208984375,
    0.30439453125,
    0.2868896484375,
    0.2723388671875,
    0.2607421875,
    0.2470703125,
    0.2317138671875,
    0.2099609375,
    0.200048828125,
    0.180419921875,
    0.1631103515625,
    0.1573486328125,
    0.1482421875,
    0.140185546875,
    0.1318603515625,
    0.1269775390625,
    0.118603515625
  ],
  "snr_at_ber_target": NaN
}