{
  "key": "AWGN-trained \u2192 AWGN (in-distribution)  [n32_k8]",
  "snr_db": [
    0.0,
    1.0,
    2.0,
    3.0,
    4.0,
    5.0,
    6.0,
    7.0,
    8.0,
    9.0,
    10.0,
    11.0,
    12.0,
    13.0,
    14.0,
    15.0,
    16.0,
    17.0,
    18.0,
    19.0,
    20.0
  ],
  "ber": [
    0.3572021484375,
    0.3406005859375,
    0.324755859375,
    0.30771484375,
    0.2903564453125,
    0.2728515625,
    0.25498046875,
    0.2337158203125,
    0.21572265625,
    0.1926513671875,
    0.1734375,
    0.149853515625,
    0.129345703125,
    0.1098876953125,
    0.0929931640625,
    0.074462890625,
    0.065087890625,
    0.0544921875,
    0.0496337890625,
    0.0436767578125,
    0.03740234375
  ],
  "snr_at_ber_target": NaN
}