{
  "key": "AWGN-trained \u2192 Rayleigh pCSI (shift)  [n16_k8]",
  "snr_db": [
    0.0,
    1.0,
    2.0,
    3.0,
    4.0,
    5.0,
    6.0,
    7.0,
    8.0,
    9.0,
    10.0,
    11.0,
    12.0,
    13.0,
    14.0,
    15.0,
    16.0,
    17.0,
    18.0,
    19.0,
    20.0
  ],
  "ber": [
    0.420849609375,
    0.4075439453125,
    0.3978515625,
    0.3886962890625,
    0.37890625,
    0.3608154296875,
    0.349609375,
    0.33388671875,
    0.3142578125,
    0.2937255859375,
    0.2783203125,
    0.2590087890625,
    0.2338623046875,
    0.215673828125,
    0.1886962890625,
    0.16943359375,
    0.1492919921875,
    0.1348876953125,
    0.112646484375,
    0.0981689453125,
    0.0816650390625
  ],
  "snr_at_ber_target": NaN
}