{
  "key": "AWGN-trained \u2192 Rayleigh pCSI (shift)  [n7_k4]",
  "snr_db": [
    0.0,
    1.0,
    2.0,
    3.0,
    4.0,
    5.0,
    6.0,
    7.0,
    8.0,
    9.0,
    10.0,
    11.0,
    12.0,
    13.0,
    14.0,
    15.0,
    16.0,
    17.0,
    18.0,
    19.0,
    20.0
  ],
  "ber": [
    0.392236328125,
    0.379052734375,
    0.356884765625,
    0.337939453125,
    0.31748046875,
    0.2859375,
    0.2517578125,
    0.228076171875,
    0.19306640625,
    0.16357421875,
    0.13896484375,
    0.114501953125,
    0.088916015625,
    0.0728515625,
    0.056640625,
    0.04619140625,
    0.03671875,
    0.02548828125,
    0.019287109375,
    0.016796875,
    0.0150390625
  ],
  "snr_at_ber_target": NaN
}