{
  "key": "AWGN-trained \u2192 Rayleigh pCSI (shift)  [n64_k8]",
  "snr_db": [
    0.0,
    1.0,
    2.0,
    3.0,
    4.0,
    5.0,
    6.0,
    7.0,
    8.0,
    9.0,
    10.0,
    11.0,
    12.0,
    13.0,
    14.0,
    15.0,
    16.0,
    17.0,
    18.0,
    19.0,
    20.0
  ],
  "ber": [
    0.4434326171875,
    0.432275390625,
    0.4236572265625,
    0.4193115234375,
    0.405712890625,
    0.3950927734375,
    0.3855224609375,
    0.3798583984375,
    0.3584716796875,
    0.350146484375,
    0.3381103515625,
    0.3243896484375,
    0.3086669921875,
    0.2922607421875,
    0.2754150390625,
    0.262353515625,
    0.2491943359375,
    0.2345458984375,
    0.2186767578125,
    0.2075439453125,
    0.1940673828125
  ],
  "snr_at_ber_target": NaN
}