{
  "Autoencoder (this work)": {
    "n7k4": 11.543180179735225,
    "n16k8": NaN,
    "n32k8": NaN,
    "n64k8": NaN
  },
  "PPV Bound (lower bound)": {
    "n7k4": 7.631318239612276,
    "n16k8": 4.512454862579841,
    "n32k8": 0.663136082131663,
    "n64k8": -2.67010576635526
  },
  "Polar (SC decoder)": {
    "n7k4": 3.8877976190476176,
    "n16k8": 3.151099591836735,
    "n32k8": 0.7812500000000003,
    "n64k8": 0.0
  },
  "IEEE 802.11n LDPC (ref)": {
    "n7k4": 7.9,
    "n16k8": 6.5,
    "n32k8": NaN,
    "n64k8": 4.4
  },
  "3GPP Turbo LTE (ref)": {
    "n7k4": 8.2,
    "n16k8": 6.8,
    "n32k8": NaN,
    "n64k8": 5.0
  }
}